{
  "project_info": {
    "project_number": "693487870628",
    "project_id": "jitscrapp",
    "storage_bucket": "jitscrapp.appspot.com"
  },
  "client": [
    {
      "client_info": {
        "mobilesdk_app_id": "1:693487870628:android:048c839f739ac3b6d2fc31",
        "android_client_info": {
          "package_name": "com.jitrcs.app"
        }
      },
      "oauth_client": [],
      "api_key": [
        {
          "current_key": "AIzaSyAa4FR6_EaM4p1y9LWdBp5q8FvrAlLZ998"
        }
      ],
      "services": {
        "appinvite_service": {
          "other_platform_oauth_client": []
        }
      }
    }
  ],
  "configuration_version": "1"
}